image,Label_true,Label_pred_iv4,Prob_pred_iv4,Label_pred_rn50,Prob_pred_rn50
ISIC_0014795,1,0,0.9487826824188232,0,0.999843955039978
ISIC_0015216,0,0,0.9991984963417053,0,0.8842542767524719
ISIC_0014931,1,1,0.5665706396102905,0,0.8125287890434265
ISIC_0015568,0,0,0.9826958179473877,0,0.9992819428443909
ISIC_0014792,0,0,0.9877332448959351,0,0.6630818843841553
ISIC_0014836,0,0,0.9978614449501038,0,0.6477295160293579
